{"mean":{"confidence_interval":{"confidence_level":0.95,"lower_bound":0.41311001629308625,"upper_bound":0.4244140832126767},"point_estimate":0.41852472553984765,"standard_error":0.0028683163687551025},"median":{"confidence_interval":{"confidence_level":0.95,"lower_bound":0.41238918738669583,"upper_bound":0.42582538419241245},"point_estimate":0.4205997867315605,"standard_error":0.0033590369939794744}}