{"mean":{"confidence_interval":{"confidence_level":0.95,"lower_bound":865179505.0515,"upper_bound":869439421.3264999},"point_estimate":867267592.92,"standard_error":1080983.000580131},"median":{"confidence_interval":{"confidence_level":0.95,"lower_bound":864039416.0,"upper_bound":869927310.0},"point_estimate":865287081.0,"standard_error":1384283.091530085},"median_abs_dev":{"confidence_interval":{"confidence_level":0.95,"lower_bound":4266373.420956731,"upper_bound":9866815.502429008},"point_estimate":8230207.491284609,"standard_error":1524839.5360266191},"slope":null,"std_dev":{"confidence_interval":{"confidence_level":0.95,"lower_bound":6005692.930160705,"upper_bound":9177976.769293003},"point_estimate":7710175.3566886205,"standard_error":813043.5681843567}}