{"mean":{"confidence_interval":{"confidence_level":0.95,"lower_bound":1214128397.3075,"upper_bound":1217938762.727},"point_estimate":1215997343.5,"standard_error":973497.7075515419},"median":{"confidence_interval":{"confidence_level":0.95,"lower_bound":1213760504.0,"upper_bound":1217714403.0},"point_estimate":1214399593.0,"standard_error":1131264.2309585295},"median_abs_dev":{"confidence_interval":{"confidence_level":0.95,"lower_bound":3737114.1410529613,"upper_bound":8114635.8581364155},"point_estimate":5401196.212309599,"standard_error":1167958.6916362245},"slope":null,"std_dev":{"confidence_interval":{"confidence_level":0.95,"lower_bound":5314347.032774702,"upper_bound":8356918.837827694},"point_estimate":6943756.342131699,"standard_error":778191.5357180306}}