{"mean":{"confidence_interval":{"confidence_level":0.95,"lower_bound":4576101.753351884,"upper_bound":4666720.72660178},"point_estimate":4621080.7186189545,"standard_error":23064.73857426064},"median":{"confidence_interval":{"confidence_level":0.95,"lower_bound":4572899.682926829,"upper_bound":4661406.950581396},"point_estimate":4612256.669140384,"standard_error":21437.830064230846},"median_abs_dev":{"confidence_interval":{"confidence_level":0.95,"lower_bound":81757.43577273343,"upper_bound":184698.3939618144},"point_estimate":115025.30247089251,"standard_error":26720.298596929864},"slope":{"confidence_interval":{"confidence_level":0.95,"lower_bound":4592983.5497073345,"upper_bound":4651474.67853532},"point_estimate":4622912.628165404,"standard_error":14911.836361428093},"std_dev":{"confidence_interval":{"confidence_level":0.95,"lower_bound":118108.13443518245,"upper_bound":205834.6745353599},"point_estimate":164554.3041562431,"standard_error":22425.46926048577}}