{"mean":{"confidence_interval":{"confidence_level":0.95,"lower_bound":0.4146895274611795,"upper_bound":0.42573287022472844},"point_estimate":0.420246939673921,"standard_error":0.002818179406980685},"median":{"confidence_interval":{"confidence_level":0.95,"lower_bound":0.41673577417321406,"upper_bound":0.43048536931984893},"point_estimate":0.42255350340387077,"standard_error":0.0036602434385747565}}