{"mean":{"confidence_interval":{"confidence_level":0.95,"lower_bound":-0.2768104164302223,"upper_bound":-0.26961121883794104},"point_estimate":-0.27293991711208765,"standard_error":0.0018277776085400784},"median":{"confidence_interval":{"confidence_level":0.95,"lower_bound":-0.2749839351469784,"upper_bound":-0.2705505034639244},"point_estimate":-0.27278593968559006,"standard_error":0.0010539382515798834}}