{"mean":{"confidence_interval":{"confidence_level":0.95,"lower_bound":4620085070.3949995,"upper_bound":4627364338.4235},"point_estimate":4623720794.24,"standard_error":1857030.8153304288},"median":{"confidence_interval":{"confidence_level":0.95,"lower_bound":4618583961.0,"upper_bound":4626561737.5},"point_estimate":4623880226.5,"standard_error":1742658.5221067492},"median_abs_dev":{"confidence_interval":{"confidence_level":0.95,"lower_bound":8824149.642840028,"upper_bound":15661289.148956537},"point_estimate":12062789.209842682,"standard_error":1763920.6941843904},"slope":null,"std_dev":{"confidence_interval":{"confidence_level":0.95,"lower_bound":10046546.462677557,"upper_bound":16087693.624777423},"point_estimate":13282578.858721897,"standard_error":1543571.5822942764}}