{"mean":{"confidence_interval":{"confidence_level":0.95,"lower_bound":-0.06821142526555593,"upper_bound":-0.04516498411934645},"point_estimate":-0.05676947418907441,"standard_error":0.00591244886497864},"median":{"confidence_interval":{"confidence_level":0.95,"lower_bound":-0.06889037256541664,"upper_bound":-0.04727201300047301},"point_estimate":-0.05987055717458989,"standard_error":0.0055496922854445544}}