{"mean":{"confidence_interval":{"confidence_level":0.95,"lower_bound":-0.3723535464726607,"upper_bound":-0.36336483504314465},"point_estimate":-0.3684496084736154,"standard_error":0.002326481910351803},"median":{"confidence_interval":{"confidence_level":0.95,"lower_bound":-0.3738082259868327,"upper_bound":-0.364857680919363},"point_estimate":-0.36964185220928136,"standard_error":0.0022770562415622346}}