{"mean":{"confidence_interval":{"confidence_level":0.95,"lower_bound":8426304.934708335,"upper_bound":8543296.642916668},"point_estimate":8484800.531666664,"standard_error":29831.44429656256},"median":{"confidence_interval":{"confidence_level":0.95,"lower_bound":8412049.625,"upper_bound":8541537.333333332},"point_estimate":8462540.375,"standard_error":33174.61980967456},"median_abs_dev":{"confidence_interval":{"confidence_level":0.95,"lower_bound":134612.4175101521,"upper_bound":274911.5634318456},"point_estimate":216124.40501302527,"standard_error":35379.307492984546},"slope":null,"std_dev":{"confidence_interval":{"confidence_level":0.95,"lower_bound":169683.09005828627,"upper_bound":249294.7528116226},"point_estimate":212730.73111754027,"standard_error":20263.588760000377}}