{"mean":{"confidence_interval":{"confidence_level":0.95,"lower_bound":-0.3385910042147156,"upper_bound":-0.3336984501364237},"point_estimate":-0.33623173277567164,"standard_error":0.0012444236579713666},"median":{"confidence_interval":{"confidence_level":0.95,"lower_bound":-0.3402689118492136,"upper_bound":-0.33476639992153867},"point_estimate":-0.33758095716302405,"standard_error":0.0014432371036879777}}