{"mean":{"confidence_interval":{"confidence_level":0.95,"lower_bound":-0.33084829646412084,"upper_bound":-0.31852528925691276},"point_estimate":-0.32466960558483093,"standard_error":0.0031560486375042038},"median":{"confidence_interval":{"confidence_level":0.95,"lower_bound":-0.33501133952787576,"upper_bound":-0.31808557595613085},"point_estimate":-0.3267110724593455,"standard_error":0.0042110348232767035}}