{"mean":{"confidence_interval":{"confidence_level":0.95,"lower_bound":21653540.53689999,"upper_bound":21931851.361300007},"point_estimate":21791512.504,"standard_error":70767.49708184114},"median":{"confidence_interval":{"confidence_level":0.95,"lower_bound":21551846.6,"upper_bound":21966305.0},"point_estimate":21749131.6,"standard_error":95900.62192232949},"median_abs_dev":{"confidence_interval":{"confidence_level":0.95,"lower_bound":373178.41941475647,"upper_bound":727569.7767430566},"point_estimate":587250.2883142239,"standard_error":94133.46995683652},"slope":null,"std_dev":{"confidence_interval":{"confidence_level":0.95,"lower_bound":418538.51097234903,"upper_bound":576755.4178352538},"point_estimate":505553.0486198926,"standard_error":40401.38713060687}}