{"mean":{"confidence_interval":{"confidence_level":0.95,"lower_bound":-0.058484885110018044,"upper_bound":-0.034859709693658494},"point_estimate":-0.04663958160248449,"standard_error":0.005998813530641165},"median":{"confidence_interval":{"confidence_level":0.95,"lower_bound":-0.05590768790967249,"upper_bound":-0.02999310595070126},"point_estimate":-0.04437029993550845,"standard_error":0.00618875759145763}}