{"mean":{"confidence_interval":{"confidence_level":0.95,"lower_bound":-0.2714703921949266,"upper_bound":-0.26818804261758},"point_estimate":-0.2698394373532378,"standard_error":0.000839654639629967},"median":{"confidence_interval":{"confidence_level":0.95,"lower_bound":-0.2716745399008508,"upper_bound":-0.26742024527037767},"point_estimate":-0.27028286056890116,"standard_error":0.0012269556856423379}}