{"mean":{"confidence_interval":{"confidence_level":0.95,"lower_bound":8049252.368115386,"upper_bound":8204140.269653848},"point_estimate":8125251.746153845,"standard_error":39433.053716108545},"median":{"confidence_interval":{"confidence_level":0.95,"lower_bound":7966858.461538462,"upper_bound":8150816.230769231},"point_estimate":8066600.576923077,"standard_error":48738.12402487493},"median_abs_dev":{"confidence_interval":{"confidence_level":0.95,"lower_bound":146119.97835200507,"upper_bound":387546.50104275055},"point_estimate":226808.08695027526,"standard_error":64400.86358355142},"slope":null,"std_dev":{"confidence_interval":{"confidence_level":0.95,"lower_bound":227781.38768143175,"upper_bound":326678.4898090801},"point_estimate":282295.7042138638,"standard_error":25246.593313135658}}