{"mean":{"confidence_interval":{"confidence_level":0.95,"lower_bound":-0.13791275179687212,"upper_bound":-0.12407569449577921},"point_estimate":-0.13090403236716652,"standard_error":0.0035166877572414138},"median":{"confidence_interval":{"confidence_level":0.95,"lower_bound":-0.13652484256124475,"upper_bound":-0.1236809762399741},"point_estimate":-0.13057344892756628,"standard_error":0.003408240875392461}}