{"mean":{"confidence_interval":{"confidence_level":0.95,"lower_bound":-0.05222537225397438,"upper_bound":-0.03347931627313754},"point_estimate":-0.042496497247216714,"standard_error":0.0047722594412148685},"median":{"confidence_interval":{"confidence_level":0.95,"lower_bound":-0.058422145210141774,"upper_bound":-0.031057735221679095},"point_estimate":-0.04600674183959874,"standard_error":0.00711700010277872}}