{"mean":{"confidence_interval":{"confidence_level":0.95,"lower_bound":0.43319226799996674,"upper_bound":0.49264408086666595},"point_estimate":0.46253664254141946,"standard_error":0.015057775754935913},"median":{"confidence_interval":{"confidence_level":0.95,"lower_bound":0.4263152970115007,"upper_bound":0.45767959273377934},"point_estimate":0.43398573918676675,"standard_error":0.007851407946969157}}