{"mean":{"confidence_interval":{"confidence_level":0.95,"lower_bound":13037571.3166875,"upper_bound":13297736.97575},"point_estimate":13162056.405,"standard_error":66197.09813438106},"median":{"confidence_interval":{"confidence_level":0.95,"lower_bound":12910600.125,"upper_bound":13221385.0625},"point_estimate":13131124.4375,"standard_error":82929.48756114727},"median_abs_dev":{"confidence_interval":{"confidence_level":0.95,"lower_bound":331009.34727340937,"upper_bound":679106.307880953},"point_estimate":571235.5769835413,"standard_error":94141.07127594741},"slope":null,"std_dev":{"confidence_interval":{"confidence_level":0.95,"lower_bound":346549.68153601803,"upper_bound":612029.9912487216},"point_estimate":473400.66596718394,"standard_error":72699.09582847441}}