{"mean":{"confidence_interval":{"confidence_level":0.95,"lower_bound":11187414.51261111,"upper_bound":11274508.05772222},"point_estimate":11230978.617777776,"standard_error":22277.66530950368},"median":{"confidence_interval":{"confidence_level":0.95,"lower_bound":11178438.222222222,"upper_bound":11284944.666666666},"point_estimate":11228993.333333332,"standard_error":25946.8536629914},"median_abs_dev":{"confidence_interval":{"confidence_level":0.95,"lower_bound":95913.3458971968,"upper_bound":197997.27288484527},"point_estimate":135519.2744940533,"standard_error":26175.996397900173},"slope":null,"std_dev":{"confidence_interval":{"confidence_level":0.95,"lower_bound":125131.68750276447,"upper_bound":187647.79436222088},"point_estimate":158895.34008812014,"standard_error":15977.78772094338}}