{"mean":{"confidence_interval":{"confidence_level":0.95,"lower_bound":0.09167008908604021,"upper_bound":0.11647537432972767},"point_estimate":0.10413828592720353,"standard_error":0.006344328123578964},"median":{"confidence_interval":{"confidence_level":0.95,"lower_bound":0.09223662060839088,"upper_bound":0.11423031969870001},"point_estimate":0.10644763666796231,"standard_error":0.005654490826910988}}