{"mean":{"confidence_interval":{"confidence_level":0.95,"lower_bound":5219122252.6275,"upper_bound":5225412599.0315},"point_estimate":5222259255.44,"standard_error":1608039.1719293264},"median":{"confidence_interval":{"confidence_level":0.95,"lower_bound":5217829620.5,"upper_bound":5224301204.0},"point_estimate":5221425156.0,"standard_error":1847059.932231777},"median_abs_dev":{"confidence_interval":{"confidence_level":0.95,"lower_bound":6803375.51561594,"upper_bound":14636433.02155137},"point_estimate":10648316.928854585,"standard_error":1898463.6950902124},"slope":null,"std_dev":{"confidence_interval":{"confidence_level":0.95,"lower_bound":8982133.57124169,"upper_bound":13646060.588195516},"point_estimate":11474039.323289765,"standard_error":1193331.712176345}}