{"mean":{"confidence_interval":{"confidence_level":0.95,"lower_bound":6207093864.516,"upper_bound":6224892392.405},"point_estimate":6215737958.58,"standard_error":4549105.166717328},"median":{"confidence_interval":{"confidence_level":0.95,"lower_bound":6200332770.0,"upper_bound":6220543601.5},"point_estimate":6211242951.5,"standard_error":5813572.258111526},"median_abs_dev":{"confidence_interval":{"confidence_level":0.95,"lower_bound":18810908.965739608,"upper_bound":39132866.03345275},"point_estimate":25417372.22455144,"standard_error":5592743.106148421},"slope":null,"std_dev":{"confidence_interval":{"confidence_level":0.95,"lower_bound":24304345.3011979,"upper_bound":39251496.35121215},"point_estimate":32431410.158361297,"standard_error":3818062.892283211}}