{"mean":{"confidence_interval":{"confidence_level":0.95,"lower_bound":0.676571678670053,"upper_bound":0.695758716799496},"point_estimate":0.686513365641644,"standard_error":0.004892048120895644},"median":{"confidence_interval":{"confidence_level":0.95,"lower_bound":0.6841728206754565,"upper_bound":0.7020092401965359},"point_estimate":0.6981094945705355,"standard_error":0.0047609693843345255}}