{"mean":{"confidence_interval":{"confidence_level":0.95,"lower_bound":1223518850.0405,"upper_bound":1229400333.7275},"point_estimate":1226459771.76,"standard_error":1500939.7788266782},"median":{"confidence_interval":{"confidence_level":0.95,"lower_bound":1221926397.0,"upper_bound":1231438579.0},"point_estimate":1226435734.5,"standard_error":2716734.318761143},"median_abs_dev":{"confidence_interval":{"confidence_level":0.95,"lower_bound":8757637.984120846,"upper_bound":15486116.255566478},"point_estimate":12693985.39223671,"standard_error":1732742.342694604},"slope":null,"std_dev":{"confidence_interval":{"confidence_level":0.95,"lower_bound":8913096.399169208,"upper_bound":12252620.968873482},"point_estimate":10714521.682900408,"standard_error":849389.7718930122}}