{"mean":{"confidence_interval":{"confidence_level":0.95,"lower_bound":1216574270.0779998,"upper_bound":1220243880.5845},"point_estimate":1218417667.18,"standard_error":937242.4469731839},"median":{"confidence_interval":{"confidence_level":0.95,"lower_bound":1216696775.0,"upper_bound":1219724890.0},"point_estimate":1218135186.0,"standard_error":771932.6913334166},"median_abs_dev":{"confidence_interval":{"confidence_level":0.95,"lower_bound":3498952.987781167,"upper_bound":8586134.52566564},"point_estimate":5678304.525589943,"standard_error":1311773.4139744572},"slope":null,"std_dev":{"confidence_interval":{"confidence_level":0.95,"lower_bound":5342117.271126037,"upper_bound":7820960.945980972},"point_estimate":6700429.5499265725,"standard_error":635109.3956558907}}