{"mean":{"confidence_interval":{"confidence_level":0.95,"lower_bound":1023649041.3429999,"upper_bound":1026568040.5654999},"point_estimate":1025062815.54,"standard_error":743358.2662576052},"median":{"confidence_interval":{"confidence_level":0.95,"lower_bound":1023508874.0,"upper_bound":1027013410.0},"point_estimate":1024550446.0,"standard_error":939702.2765484047},"median_abs_dev":{"confidence_interval":{"confidence_level":0.95,"lower_bound":3044996.4431405067,"upper_bound":5728000.29448516},"point_estimate":4588176.19304359,"standard_error":688361.7823405418},"slope":null,"std_dev":{"confidence_interval":{"confidence_level":0.95,"lower_bound":3678427.957263811,"upper_bound":6957632.272698816},"point_estimate":5321393.318704359,"standard_error":862960.2532017137}}