{"mean":{"confidence_interval":{"confidence_level":0.95,"lower_bound":861149029.7185,"upper_bound":866360496.9475},"point_estimate":863553891.58,"standard_error":1332457.1730111686},"median":{"confidence_interval":{"confidence_level":0.95,"lower_bound":859341517.0,"upper_bound":863493856.0},"point_estimate":862136806.5,"standard_error":1112870.8083098852},"median_abs_dev":{"confidence_interval":{"confidence_level":0.95,"lower_bound":3882288.1065756083,"upper_bound":8192365.609556437},"point_estimate":5408002.0874887705,"standard_error":1058445.6392922797},"slope":null,"std_dev":{"confidence_interval":{"confidence_level":0.95,"lower_bound":5595163.703410495,"upper_bound":12823849.808437394},"point_estimate":9485156.397205403,"standard_error":1877643.6394584386}}