{"mean":{"confidence_interval":{"confidence_level":0.95,"lower_bound":1516553.2811975349,"upper_bound":1528099.4198326282},"point_estimate":1522071.1818469774,"standard_error":2950.3541489252584},"median":{"confidence_interval":{"confidence_level":0.95,"lower_bound":1513084.1815042926,"upper_bound":1523421.7843822844},"point_estimate":1515793.8731884058,"standard_error":2696.3661470134653},"median_abs_dev":{"confidence_interval":{"confidence_level":0.95,"lower_bound":9052.582581847477,"upper_bound":21953.022543589293},"point_estimate":15402.586830522514,"standard_error":3221.3774705196056},"slope":{"confidence_interval":{"confidence_level":0.95,"lower_bound":1511672.6861613472,"upper_bound":1527961.337805573},"point_estimate":1519038.0664414677,"standard_error":4196.430179125811},"std_dev":{"confidence_interval":{"confidence_level":0.95,"lower_bound":15197.877561594843,"upper_bound":25740.37479368956},"point_estimate":21000.111754397018,"standard_error":2689.7749310607587}}