{"mean":{"confidence_interval":{"confidence_level":0.95,"lower_bound":-0.3147831504393664,"upper_bound":-0.2772554348010494},"point_estimate":-0.29666240755043505,"standard_error":0.009527167736763},"median":{"confidence_interval":{"confidence_level":0.95,"lower_bound":-0.29469087324169707,"upper_bound":-0.28303167265695284},"point_estimate":-0.29005666366689153,"standard_error":0.003052465522371186}}