{"mean":{"confidence_interval":{"confidence_level":0.95,"lower_bound":26160986.6365,"upper_bound":26290417.843875},"point_estimate":26223179.865,"standard_error":33058.41350715413},"median":{"confidence_interval":{"confidence_level":0.95,"lower_bound":26106051.125,"upper_bound":26266710.0},"point_estimate":26185510.25,"standard_error":42198.27019361553},"median_abs_dev":{"confidence_interval":{"confidence_level":0.95,"lower_bound":133507.5716547668,"upper_bound":301119.20517906547},"point_estimate":202569.85830366611,"standard_error":42147.71457506121},"slope":null,"std_dev":{"confidence_interval":{"confidence_level":0.95,"lower_bound":175659.20140022188,"upper_bound":287572.4371921562},"point_estimate":235398.68069314232,"standard_error":28774.481002627857}}