{"mean":{"confidence_interval":{"confidence_level":0.95,"lower_bound":28253810.042,"upper_bound":28417184.582250003},"point_estimate":28328138.2,"standard_error":41799.75993987598},"median":{"confidence_interval":{"confidence_level":0.95,"lower_bound":28228981.75,"upper_bound":28366549.875},"point_estimate":28291112.25,"standard_error":35820.709935361825},"median_abs_dev":{"confidence_interval":{"confidence_level":0.95,"lower_bound":135213.67357447743,"upper_bound":263040.6634300947},"point_estimate":182550.68150907755,"standard_error":32971.744960355296},"slope":null,"std_dev":{"confidence_interval":{"confidence_level":0.95,"lower_bound":170149.72707286637,"upper_bound":433797.87750980543},"point_estimate":298324.38710751,"standard_error":76335.55746815309}}