{"mean":{"confidence_interval":{"confidence_level":0.95,"lower_bound":9280096.884272734,"upper_bound":9328761.649090912},"point_estimate":9302978.992727274,"standard_error":12384.525784505631},"median":{"confidence_interval":{"confidence_level":0.95,"lower_bound":9272683.363636363,"upper_bound":9297413.272727273},"point_estimate":9288222.90909091,"standard_error":6334.0912109944875},"median_abs_dev":{"confidence_interval":{"confidence_level":0.95,"lower_bound":20818.87100311755,"upper_bound":45782.350232656354},"point_estimate":27982.457121395404,"standard_error":6202.126484524678},"slope":null,"std_dev":{"confidence_interval":{"confidence_level":0.95,"lower_bound":57837.96920548068,"upper_bound":111787.83409105807},"point_estimate":88546.02004409986,"standard_error":13795.169193291134}}