{"mean":{"confidence_interval":{"confidence_level":0.95,"lower_bound":6223748765.498,"upper_bound":6241352099.7635},"point_estimate":6231962453.72,"standard_error":4493186.895308985},"median":{"confidence_interval":{"confidence_level":0.95,"lower_bound":6220124871.0,"upper_bound":6228928649.0},"point_estimate":6225048103.5,"standard_error":2641336.008813217},"median_abs_dev":{"confidence_interval":{"confidence_level":0.95,"lower_bound":9666977.334576845,"upper_bound":30044671.26570046},"point_estimate":17902774.227762222,"standard_error":5224063.55566844},"slope":null,"std_dev":{"confidence_interval":{"confidence_level":0.95,"lower_bound":19679050.48567813,"upper_bound":42615619.30050689},"point_estimate":31983950.43776583,"standard_error":5935704.68752712}}