{"mean":{"confidence_interval":{"confidence_level":0.95,"lower_bound":17322606.633166667,"upper_bound":17631778.871499997},"point_estimate":17474372.03333334,"standard_error":78856.72717439209},"median":{"confidence_interval":{"confidence_level":0.95,"lower_bound":17170063.5,"upper_bound":17651542.5},"point_estimate":17342975.666666664,"standard_error":131150.66738132393},"median_abs_dev":{"confidence_interval":{"confidence_level":0.95,"lower_bound":302616.8195662231,"upper_bound":810332.1890637316},"point_estimate":509967.6890462692,"standard_error":130209.84404685297},"slope":null,"std_dev":{"confidence_interval":{"confidence_level":0.95,"lower_bound":457962.7108154816,"upper_bound":650328.2938971857},"point_estimate":560128.7568236792,"standard_error":49217.796471566144}}