{"mean":{"confidence_interval":{"confidence_level":0.95,"lower_bound":-0.27519327642512537,"upper_bound":-0.272278311994642},"point_estimate":-0.2737548417841513,"standard_error":0.0007423872206102632},"median":{"confidence_interval":{"confidence_level":0.95,"lower_bound":-0.27571433005619317,"upper_bound":-0.2715480125020495},"point_estimate":-0.2734593155058388,"standard_error":0.0011266236404032836}}