{"mean":{"confidence_interval":{"confidence_level":0.95,"lower_bound":102606027.8655,"upper_bound":102885289.39750001},"point_estimate":102747548.44,"standard_error":70960.52124877978},"median":{"confidence_interval":{"confidence_level":0.95,"lower_bound":102568158.0,"upper_bound":102948382.0},"point_estimate":102792246.0,"standard_error":91602.60978232976},"median_abs_dev":{"confidence_interval":{"confidence_level":0.95,"lower_bound":303382.95001387596,"upper_bound":595984.4330191612},"point_estimate":425184.46825146675,"standard_error":77738.66460370483},"slope":null,"std_dev":{"confidence_interval":{"confidence_level":0.95,"lower_bound":380623.267626429,"upper_bound":612148.9757331904},"point_estimate":504936.7208841027,"standard_error":59225.29483589139}}