{"mean":{"confidence_interval":{"confidence_level":0.95,"lower_bound":121792343.3585,"upper_bound":122378944.72},"point_estimate":122087132.88,"standard_error":149375.33915867182},"median":{"confidence_interval":{"confidence_level":0.95,"lower_bound":121549599.0,"upper_bound":122605319.0},"point_estimate":122212059.5,"standard_error":278176.5352530925},"median_abs_dev":{"confidence_interval":{"confidence_level":0.95,"lower_bound":746523.9278465509,"upper_bound":1470166.1489993334},"point_estimate":1086580.4708093405,"standard_error":185653.03953939347},"slope":null,"std_dev":{"confidence_interval":{"confidence_level":0.95,"lower_bound":879670.8882722241,"upper_bound":1221066.0373788215},"point_estimate":1066566.185913307,"standard_error":87155.00606231524}}