{"mean":{"confidence_interval":{"confidence_level":0.95,"lower_bound":-0.009387608623918879,"upper_bound":0.011559846561065406},"point_estimate":0.001291193803395041,"standard_error":0.005344480242450656},"median":{"confidence_interval":{"confidence_level":0.95,"lower_bound":-0.008067424734307549,"upper_bound":0.01259565069054247},"point_estimate":0.0017892326432253913,"standard_error":0.005072329267869685}}