{"mean":{"confidence_interval":{"confidence_level":0.95,"lower_bound":59633672.176,"upper_bound":61712406.40625},"point_estimate":60624505.05,"standard_error":531061.2806104032},"median":{"confidence_interval":{"confidence_level":0.95,"lower_bound":58335453.0,"upper_bound":59435037.5},"point_estimate":58599110.0,"standard_error":312494.16908030096},"median_abs_dev":{"confidence_interval":{"confidence_level":0.95,"lower_bound":474894.9334189296,"upper_bound":2035102.344019711},"point_estimate":927875.5566269159,"standard_error":426607.4310820236},"slope":null,"std_dev":{"confidence_interval":{"confidence_level":0.95,"lower_bound":2795033.5795547985,"upper_bound":4499886.578961332},"point_estimate":3806276.758545254,"standard_error":436274.1956959432}}