{"mean":{"confidence_interval":{"confidence_level":0.95,"lower_bound":4631422769.547501,"upper_bound":4656757280.5155},"point_estimate":4644750547.4,"standard_error":6483034.472948346},"median":{"confidence_interval":{"confidence_level":0.95,"lower_bound":4650809511.5,"upper_bound":4662339680.0},"point_estimate":4658212774.5,"standard_error":3184334.236023349},"median_abs_dev":{"confidence_interval":{"confidence_level":0.95,"lower_bound":11877404.167833924,"upper_bound":29044295.829060674},"point_estimate":18266809.601399302,"standard_error":4309923.836018933},"slope":null,"std_dev":{"confidence_interval":{"confidence_level":0.95,"lower_bound":32574826.578306813,"upper_bound":56070116.50771224},"point_estimate":46443507.77457148,"standard_error":6007738.337961477}}