{"mean":{"confidence_interval":{"confidence_level":0.95,"lower_bound":0.4633372923059016,"upper_bound":0.4934272916288397},"point_estimate":0.4781000552188812,"standard_error":0.007809707734927613},"median":{"confidence_interval":{"confidence_level":0.95,"lower_bound":0.46216575706774843,"upper_bound":0.474827280781299},"point_estimate":0.4706823780591285,"standard_error":0.0032015605532929882}}