{"mean":{"confidence_interval":{"confidence_level":0.95,"lower_bound":0.38183508708921915,"upper_bound":0.38997779967521856},"point_estimate":0.3859477941975593,"standard_error":0.002077610731112098},"median":{"confidence_interval":{"confidence_level":0.95,"lower_bound":0.3824307130107254,"upper_bound":0.3894954337306522},"point_estimate":0.38531113942060635,"standard_error":0.0017820593824332239}}