{"mean":{"confidence_interval":{"confidence_level":0.95,"lower_bound":-0.1549431488316995,"upper_bound":-0.13710978997591153},"point_estimate":-0.14641025358011994,"standard_error":0.004557792216167279},"median":{"confidence_interval":{"confidence_level":0.95,"lower_bound":-0.16252533808011949,"upper_bound":-0.13667335742154507},"point_estimate":-0.15099570539403273,"standard_error":0.006576414944490721}}