{"mean":{"confidence_interval":{"confidence_level":0.95,"lower_bound":0.17798062760297037,"upper_bound":0.20501495413415435},"point_estimate":0.19204468880166492,"standard_error":0.0069303790288912145},"median":{"confidence_interval":{"confidence_level":0.95,"lower_bound":0.16774994649188302,"upper_bound":0.20817779877960407},"point_estimate":0.19331844261997633,"standard_error":0.010071440963818642}}