{"mean":{"confidence_interval":{"confidence_level":0.95,"lower_bound":0.39775021234297436,"upper_bound":0.4059325254522209},"point_estimate":0.40210167360902216,"standard_error":0.0020825116345282203},"median":{"confidence_interval":{"confidence_level":0.95,"lower_bound":0.39658630027602726,"upper_bound":0.4076355607864115},"point_estimate":0.4034643757728771,"standard_error":0.002586988957534005}}