{"mean":{"confidence_interval":{"confidence_level":0.95,"lower_bound":15042357.666714286,"upper_bound":15229100.665928569},"point_estimate":15133937.12571428,"standard_error":47766.57843379},"median":{"confidence_interval":{"confidence_level":0.95,"lower_bound":15055125.0,"upper_bound":15229153.5},"point_estimate":15125211.857142858,"standard_error":37200.07134151814},"median_abs_dev":{"confidence_interval":{"confidence_level":0.95,"lower_bound":187270.27377528863,"upper_bound":420039.31684280984},"point_estimate":287969.4170875213,"standard_error":58553.11489410956},"slope":null,"std_dev":{"confidence_interval":{"confidence_level":0.95,"lower_bound":250030.56474681987,"upper_bound":432153.52746516117},"point_estimate":340317.309385896,"standard_error":47655.96637574198}}