{"mean":{"confidence_interval":{"confidence_level":0.95,"lower_bound":-0.26643464857241983,"upper_bound":-0.26365167989922733},"point_estimate":-0.2650498391897801,"standard_error":0.0007080560110900002},"median":{"confidence_interval":{"confidence_level":0.95,"lower_bound":-0.26655645814639417,"upper_bound":-0.262805133620878},"point_estimate":-0.2647958531444222,"standard_error":0.0010456294242409494}}