{"mean":{"confidence_interval":{"confidence_level":0.95,"lower_bound":0.39980596362879417,"upper_bound":0.4078111299560761},"point_estimate":0.4036196314285472,"standard_error":0.002042896070204187},"median":{"confidence_interval":{"confidence_level":0.95,"lower_bound":0.39906856871777996,"upper_bound":0.40989790467269893},"point_estimate":0.4063434616127357,"standard_error":0.0026631870879346774}}