{"mean":{"confidence_interval":{"confidence_level":0.95,"lower_bound":101909841.13499999,"upper_bound":102274147.6245},"point_estimate":102097386.36,"standard_error":93523.15199779205},"median":{"confidence_interval":{"confidence_level":0.95,"lower_bound":101975234.0,"upper_bound":102444717.0},"point_estimate":102117029.0,"standard_error":131351.7437393934},"median_abs_dev":{"confidence_interval":{"confidence_level":0.95,"lower_bound":389830.3892791271,"upper_bound":768396.7252582312},"point_estimate":557923.8677948713,"standard_error":93927.50279782934},"slope":null,"std_dev":{"confidence_interval":{"confidence_level":0.95,"lower_bound":495356.5475371307,"upper_bound":801449.0463540046},"point_estimate":667664.6653644285,"standard_error":78233.35738303435}}