{"mean":{"confidence_interval":{"confidence_level":0.95,"lower_bound":121076611.48,"upper_bound":121484236.18149999},"point_estimate":121278771.92,"standard_error":104394.9335090311},"median":{"confidence_interval":{"confidence_level":0.95,"lower_bound":121031449.0,"upper_bound":121452340.0},"point_estimate":121265010.0,"standard_error":101262.29257348958},"median_abs_dev":{"confidence_interval":{"confidence_level":0.95,"lower_bound":487534.46884453297,"upper_bound":992857.1721732616},"point_estimate":750286.0252797604,"standard_error":129277.88532835104},"slope":null,"std_dev":{"confidence_interval":{"confidence_level":0.95,"lower_bound":588276.6995095424,"upper_bound":889471.4576178741},"point_estimate":748631.5629353971,"standard_error":77057.46138573448}}