{"mean":{"confidence_interval":{"confidence_level":0.95,"lower_bound":86123454.87625,"upper_bound":86667215.27025001},"point_estimate":86383014.27,"standard_error":138377.5021168358},"median":{"confidence_interval":{"confidence_level":0.95,"lower_bound":85951540.25,"upper_bound":86430060.25},"point_estimate":86213364.25,"standard_error":130440.40328332923},"median_abs_dev":{"confidence_interval":{"confidence_level":0.95,"lower_bound":480492.11896955967,"upper_bound":1029325.0543758273},"point_estimate":742381.1728700995,"standard_error":147066.489789697},"slope":null,"std_dev":{"confidence_interval":{"confidence_level":0.95,"lower_bound":673662.4878714902,"upper_bound":1275901.102075846},"point_estimate":985322.0228863861,"standard_error":156836.4836931476}}