{"mean":{"confidence_interval":{"confidence_level":0.95,"lower_bound":0.49913664566271276,"upper_bound":0.5107576463977813},"point_estimate":0.505091748199205,"standard_error":0.0029666938800144804},"median":{"confidence_interval":{"confidence_level":0.95,"lower_bound":0.49824704387262514,"upper_bound":0.5071748893081558},"point_estimate":0.5029615528813294,"standard_error":0.0022754301662666326}}