{"mean":{"confidence_interval":{"confidence_level":0.95,"lower_bound":0.17949134258463795,"upper_bound":0.2032758717069441},"point_estimate":0.19188259004438946,"standard_error":0.0061617742200701184},"median":{"confidence_interval":{"confidence_level":0.95,"lower_bound":0.16593814289362263,"upper_bound":0.2038752018057639},"point_estimate":0.17876152360572428,"standard_error":0.010285202822652462}}