{"mean":{"confidence_interval":{"confidence_level":0.95,"lower_bound":0.5702782379099736,"upper_bound":0.6139606287969372},"point_estimate":0.5916814191483906,"standard_error":0.011144519294557443},"median":{"confidence_interval":{"confidence_level":0.95,"lower_bound":0.5628890288861166,"upper_bound":0.6181578316987939},"point_estimate":0.5951299823695835,"standard_error":0.013893428950490559}}