{"mean":{"confidence_interval":{"confidence_level":0.95,"lower_bound":0.5264960307792723,"upper_bound":0.5447325952804489},"point_estimate":0.533451142789169,"standard_error":0.004582755676103718},"median":{"confidence_interval":{"confidence_level":0.95,"lower_bound":0.5235145346880972,"upper_bound":0.5339547025298801},"point_estimate":0.5273399775819125,"standard_error":0.0026065658079426003}}