{"mean":{"confidence_interval":{"confidence_level":0.95,"lower_bound":6187584232.653,"upper_bound":6196775521.9015},"point_estimate":6192240543.78,"standard_error":2345622.0247883326},"median":{"confidence_interval":{"confidence_level":0.95,"lower_bound":6188829812.0,"upper_bound":6198581465.0},"point_estimate":6193597072.0,"standard_error":2623429.976494053},"median_abs_dev":{"confidence_interval":{"confidence_level":0.95,"lower_bound":10493219.921708107,"upper_bound":21859066.312023997},"point_estimate":16017421.523433924,"standard_error":2776800.335586963},"slope":null,"std_dev":{"confidence_interval":{"confidence_level":0.95,"lower_bound":13533404.426655775,"upper_bound":19381901.16392389},"point_estimate":16784340.062152825,"standard_error":1491841.8105056167}}