{"mean":{"confidence_interval":{"confidence_level":0.95,"lower_bound":-0.32011877527484306,"upper_bound":-0.30831154371368563},"point_estimate":-0.3138387780201407,"standard_error":0.0030037051309215806},"median":{"confidence_interval":{"confidence_level":0.95,"lower_bound":-0.3157496240317108,"upper_bound":-0.31065710219680265},"point_estimate":-0.3126751612134142,"standard_error":0.0011204360653069441}}