{"mean":{"confidence_interval":{"confidence_level":0.95,"lower_bound":0.39869662794677213,"upper_bound":0.4087522181990492},"point_estimate":0.4039655011450436,"standard_error":0.0025596343917230284},"median":{"confidence_interval":{"confidence_level":0.95,"lower_bound":0.40172882282834754,"upper_bound":0.41129780184150944},"point_estimate":0.40656858776973204,"standard_error":0.0024473305486275004}}