{"mean":{"confidence_interval":{"confidence_level":0.95,"lower_bound":121863474.456,"upper_bound":122816166.947},"point_estimate":122324876.26,"standard_error":242902.64313967977},"median":{"confidence_interval":{"confidence_level":0.95,"lower_bound":121521864.0,"upper_bound":122256029.5},"point_estimate":121860760.0,"standard_error":202739.24395875938},"median_abs_dev":{"confidence_interval":{"confidence_level":0.95,"lower_bound":596005.1894187927,"upper_bound":1789944.430822134},"point_estimate":977871.7929393053,"standard_error":320259.2269999384},"slope":null,"std_dev":{"confidence_interval":{"confidence_level":0.95,"lower_bound":1275147.6605302226,"upper_bound":2113553.60909022},"point_estimate":1734752.91936815,"standard_error":215372.1432729639}}