{"mean":{"confidence_interval":{"confidence_level":0.95,"lower_bound":-0.38286260656978016,"upper_bound":-0.375292128824852},"point_estimate":-0.3791461514027611,"standard_error":0.0019383904089816028},"median":{"confidence_interval":{"confidence_level":0.95,"lower_bound":-0.3822148914197966,"upper_bound":-0.3734111139345675},"point_estimate":-0.37817166487210985,"standard_error":0.002238594804204769}}