{"mean":{"confidence_interval":{"confidence_level":0.95,"lower_bound":20485225.245800003,"upper_bound":20791190.7005},"point_estimate":20637011.816,"standard_error":78040.44421466975},"median":{"confidence_interval":{"confidence_level":0.95,"lower_bound":20414794.5,"upper_bound":20884862.8},"point_estimate":20530917.0,"standard_error":133873.47141147358},"median_abs_dev":{"confidence_interval":{"confidence_level":0.95,"lower_bound":434123.6565327622,"upper_bound":761302.7809041728},"point_estimate":591050.1920467593,"standard_error":79708.02424785974},"slope":null,"std_dev":{"confidence_interval":{"confidence_level":0.95,"lower_bound":452934.2852733832,"upper_bound":642442.4832261108},"point_estimate":555342.9057860094,"standard_error":48494.835934880546}}