{"mean":{"confidence_interval":{"confidence_level":0.95,"lower_bound":25236966.343624998,"upper_bound":25754138.572750002},"point_estimate":25488816.88,"standard_error":132258.6871511137},"median":{"confidence_interval":{"confidence_level":0.95,"lower_bound":25021657.0,"upper_bound":25856731.125},"point_estimate":25312153.125,"standard_error":210777.4855047909},"median_abs_dev":{"confidence_interval":{"confidence_level":0.95,"lower_bound":673500.3193929791,"upper_bound":1238951.16192922},"point_estimate":998728.4533940256,"standard_error":139246.26000711706},"slope":null,"std_dev":{"confidence_interval":{"confidence_level":0.95,"lower_bound":740939.2047747324,"upper_bound":1125725.230819277},"point_estimate":941627.7034081393,"standard_error":99364.10845073292}}