{"mean":{"confidence_interval":{"confidence_level":0.95,"lower_bound":20224394.728,"upper_bound":20675916.563800003},"point_estimate":20448625.308000002,"standard_error":115132.21196999738},"median":{"confidence_interval":{"confidence_level":0.95,"lower_bound":20131258.2,"upper_bound":20723872.0},"point_estimate":20363220.2,"standard_error":171556.91066004676},"median_abs_dev":{"confidence_interval":{"confidence_level":0.95,"lower_bound":565997.3659515381,"upper_bound":1044354.2444390069},"point_estimate":820284.7591370344,"standard_error":117487.90424460656},"slope":null,"std_dev":{"confidence_interval":{"confidence_level":0.95,"lower_bound":636340.186645658,"upper_bound":986845.1980269526},"point_estimate":821476.6440224283,"standard_error":89754.96089980101}}