{"mean":{"confidence_interval":{"confidence_level":0.95,"lower_bound":24398738.979000002,"upper_bound":24809925.858399995},"point_estimate":24600240.328,"standard_error":105108.09650267399},"median":{"confidence_interval":{"confidence_level":0.95,"lower_bound":24288888.799999997,"upper_bound":24810524.299999997},"point_estimate":24499921.9,"standard_error":137058.3204344789},"median_abs_dev":{"confidence_interval":{"confidence_level":0.95,"lower_bound":495750.5931186665,"upper_bound":1009021.6557532799},"point_estimate":797664.1382986275,"standard_error":126486.48824446563},"slope":null,"std_dev":{"confidence_interval":{"confidence_level":0.95,"lower_bound":602665.6047439749,"upper_bound":875218.3205930267},"point_estimate":751823.3837305901,"standard_error":69453.05460233797}}