{"mean":{"confidence_interval":{"confidence_level":0.95,"lower_bound":8627002.853208331,"upper_bound":8713209.87775},"point_estimate":8668779.513333336,"standard_error":21988.199052268475},"median":{"confidence_interval":{"confidence_level":0.95,"lower_bound":8594016.75,"upper_bound":8685719.375},"point_estimate":8630643.291666668,"standard_error":20786.21952109711},"median_abs_dev":{"confidence_interval":{"confidence_level":0.95,"lower_bound":78784.127101304,"upper_bound":201612.7782456586},"point_estimate":151487.2468605624,"standard_error":30147.340896499663},"slope":null,"std_dev":{"confidence_interval":{"confidence_level":0.95,"lower_bound":123618.8171738715,"upper_bound":184585.54143580137},"point_estimate":156814.7965995526,"standard_error":15607.278220932209}}