{"mean":{"confidence_interval":{"confidence_level":0.95,"lower_bound":-0.2751722211312322,"upper_bound":-0.2728679574489994},"point_estimate":-0.2739881555088849,"standard_error":0.0005918986306368508},"median":{"confidence_interval":{"confidence_level":0.95,"lower_bound":-0.27566117584209726,"upper_bound":-0.27166568250326817},"point_estimate":-0.27329430917490294,"standard_error":0.0010171015004913728}}