{"mean":{"confidence_interval":{"confidence_level":0.95,"lower_bound":-0.007425859700470457,"upper_bound":0.014840296972997113},"point_estimate":0.003981589450384293,"standard_error":0.00570195354995857},"median":{"confidence_interval":{"confidence_level":0.95,"lower_bound":-0.007104085737013044,"upper_bound":0.019729011982296596},"point_estimate":0.009768397114408911,"standard_error":0.006785231436549392}}