{"mean":{"confidence_interval":{"confidence_level":0.95,"lower_bound":0.10535465882133274,"upper_bound":0.12845489579136196},"point_estimate":0.11663561510522391,"standard_error":0.00588202176358454},"median":{"confidence_interval":{"confidence_level":0.95,"lower_bound":0.10404471232385415,"upper_bound":0.12511497524793258},"point_estimate":0.11511602647594521,"standard_error":0.00516396757654799}}