{"mean":{"confidence_interval":{"confidence_level":0.95,"lower_bound":-0.26598788579671234,"upper_bound":-0.2610690441143707},"point_estimate":-0.2635419035815233,"standard_error":0.0012551401472343225},"median":{"confidence_interval":{"confidence_level":0.95,"lower_bound":-0.2661082083246723,"upper_bound":-0.25683796356242383},"point_estimate":-0.2608386325298252,"standard_error":0.002654020305746214}}