{"mean":{"confidence_interval":{"confidence_level":0.95,"lower_bound":905450757.962,"upper_bound":908032430.4284999},"point_estimate":906713707.98,"standard_error":658658.8092743616},"median":{"confidence_interval":{"confidence_level":0.95,"lower_bound":905686327.0,"upper_bound":908053899.0},"point_estimate":906538825.0,"standard_error":575980.8048457574},"median_abs_dev":{"confidence_interval":{"confidence_level":0.95,"lower_bound":2356662.34036088,"upper_bound":5293870.800215006},"point_estimate":3497382.1731090546,"standard_error":758353.8953180861},"slope":null,"std_dev":{"confidence_interval":{"confidence_level":0.95,"lower_bound":3553427.5212651514,"upper_bound":5687283.074699995},"point_estimate":4706581.511173252,"standard_error":546863.7408498318}}