{"mean":{"confidence_interval":{"confidence_level":0.95,"lower_bound":90708968.72974999,"upper_bound":90967256.28925},"point_estimate":90839147.63,"standard_error":65985.20851495129},"median":{"confidence_interval":{"confidence_level":0.95,"lower_bound":90695538.0,"upper_bound":91036390.5},"point_estimate":90888722.25,"standard_error":68402.50418750307},"median_abs_dev":{"confidence_interval":{"confidence_level":0.95,"lower_bound":297187.90602386,"upper_bound":624033.0006211996},"point_estimate":405006.6532596946,"standard_error":79011.43290912757},"slope":null,"std_dev":{"confidence_interval":{"confidence_level":0.95,"lower_bound":382578.8413147431,"upper_bound":544188.9281219632},"point_estimate":471109.3085594526,"standard_error":41192.62720915236}}