{"mean":{"confidence_interval":{"confidence_level":0.95,"lower_bound":42524504.09933333,"upper_bound":42758772.33366667},"point_estimate":42636447.04666668,"standard_error":59884.855051053695},"median":{"confidence_interval":{"confidence_level":0.95,"lower_bound":42449741.166666664,"upper_bound":42594790.666666664},"point_estimate":42520454.0,"standard_error":37637.04050914238},"median_abs_dev":{"confidence_interval":{"confidence_level":0.95,"lower_bound":178218.89503598213,"upper_bound":416125.04111230373},"point_estimate":307228.32014560886,"standard_error":60113.04056268503},"slope":null,"std_dev":{"confidence_interval":{"confidence_level":0.95,"lower_bound":304782.1379668774,"upper_bound":522637.47237967636},"point_estimate":428102.1235625468,"standard_error":55833.297099927586}}