{"mean":{"confidence_interval":{"confidence_level":0.95,"lower_bound":4485153334.5025,"upper_bound":4508668590.4345},"point_estimate":4496534775.56,"standard_error":5999417.668221656},"median":{"confidence_interval":{"confidence_level":0.95,"lower_bound":4479517179.0,"upper_bound":4501836577.0},"point_estimate":4493610082.5,"standard_error":5505085.178503518},"median_abs_dev":{"confidence_interval":{"confidence_level":0.95,"lower_bound":20155373.506075643,"upper_bound":56917692.76160896},"point_estimate":32506582.636892796,"standard_error":9514323.808904784},"slope":null,"std_dev":{"confidence_interval":{"confidence_level":0.95,"lower_bound":32046957.02517978,"upper_bound":52203201.24234061},"point_estimate":42610621.77361639,"standard_error":5181698.704317906}}