{"mean":{"confidence_interval":{"confidence_level":0.95,"lower_bound":0.0013841812046445055,"upper_bound":0.02680651547730928},"point_estimate":0.014115531967797024,"standard_error":0.006484482613206057},"median":{"confidence_interval":{"confidence_level":0.95,"lower_bound":0.006344132200860164,"upper_bound":0.04052924558233362},"point_estimate":0.021491871885886082,"standard_error":0.008956670737628276}}