{"mean":{"confidence_interval":{"confidence_level":0.95,"lower_bound":14576926.945928572,"upper_bound":14747785.343499996},"point_estimate":14661152.179999992,"standard_error":43523.84676620748},"median":{"confidence_interval":{"confidence_level":0.95,"lower_bound":14516287.42857143,"upper_bound":14757719.214285715},"point_estimate":14712879.0,"standard_error":69432.38693566345},"median_abs_dev":{"confidence_interval":{"confidence_level":0.95,"lower_bound":160023.58095901433,"upper_bound":471850.5732229766},"point_estimate":308052.6104309727,"standard_error":75580.37099140746},"slope":null,"std_dev":{"confidence_interval":{"confidence_level":0.95,"lower_bound":250323.9622830272,"upper_bound":360942.1507834288},"point_estimate":310774.0613330045,"standard_error":28277.213450521143}}