{"mean":{"confidence_interval":{"confidence_level":0.95,"lower_bound":14530520.335642854,"upper_bound":14666882.877642859},"point_estimate":14599010.397142855,"standard_error":34879.550248382366},"median":{"confidence_interval":{"confidence_level":0.95,"lower_bound":14496814.92857143,"upper_bound":14711265.857142856},"point_estimate":14606194.857142858,"standard_error":61603.048508081985},"median_abs_dev":{"confidence_interval":{"confidence_level":0.95,"lower_bound":180610.8582935151,"upper_bound":341073.3947447356},"point_estimate":244354.5028618392,"standard_error":41295.29750354017},"slope":null,"std_dev":{"confidence_interval":{"confidence_level":0.95,"lower_bound":203505.84354354226,"upper_bound":283686.06054495176},"point_estimate":247605.67909136644,"standard_error":20498.065895423915}}