{"mean":{"confidence_interval":{"confidence_level":0.95,"lower_bound":86709642.73425,"upper_bound":87163950.07075001},"point_estimate":86931850.76,"standard_error":115836.19099159153},"median":{"confidence_interval":{"confidence_level":0.95,"lower_bound":86503552.0,"upper_bound":87124650.0},"point_estimate":86694965.5,"standard_error":156872.24231377753},"median_abs_dev":{"confidence_interval":{"confidence_level":0.95,"lower_bound":481988.06234300137,"upper_bound":1148168.7856659293},"point_estimate":820420.7876846194,"standard_error":170975.20317763975},"slope":null,"std_dev":{"confidence_interval":{"confidence_level":0.95,"lower_bound":652314.639624693,"upper_bound":969128.4590824833},"point_estimate":825876.4047036624,"standard_error":81124.33721185439}}