{"mean":{"confidence_interval":{"confidence_level":0.95,"lower_bound":122991329.45549999,"upper_bound":123675001.007},"point_estimate":123314979.74,"standard_error":174700.14254491904},"median":{"confidence_interval":{"confidence_level":0.95,"lower_bound":122838108.0,"upper_bound":123590414.0},"point_estimate":123158849.5,"standard_error":191385.23377950818},"median_abs_dev":{"confidence_interval":{"confidence_level":0.95,"lower_bound":606119.486439228,"upper_bound":1286230.3484648466},"point_estimate":888198.9574313164,"standard_error":177210.41269997085},"slope":null,"std_dev":{"confidence_interval":{"confidence_level":0.95,"lower_bound":836848.1425630072,"upper_bound":1670419.9786203676},"point_estimate":1246119.3537784969,"standard_error":224183.64220917388}}